Rank,Name,Country/Region,Overall,Teaching,Research,Citations,Industry Income,International Outlook,Number of graduates,Mean rank,Median rank
1,University of Oxford,United Kingdom,95.4,90.5,99.6,98.4,65.5,96.4,190,375238,240493
2,California Institute of Technology,United States,94.5,92.1,97.2,97.9,88.0,82.5,3,222254,133227
3,University of Cambridge,United Kingdom,94.4,91.4,98.7,95.8,59.3,95.0,153,361968,173633
4,Stanford University,United States,94.3,92.8,96.4,99.9,66.2,79.5,47,352617,219871
5,Massachusetts Institute of Technology,United States,93.6,90.5,92.4,99.5,86.9,89.0,42,322262,157098
6,Princeton University,United States,93.2,90.3,96.3,98.8,58.6,81.1,42,270776,131383
7,Harvard University,United States,93.0,89.2,98.6,99.1,47.3,76.3,192,340484,183801
8,Yale University,United States,91.7,92.0,94.8,97.3,52.4,68.7,47,269287,131949
9,University of Chicago,United States,90.2,89.1,91.4,96.7,52.7,76.0,24,240636,129137
10,Imperial College London,United Kingdom,89.8,84.5,87.6,97.0,69.9,97.1,16,551109,488388
11,University of Pennsylvania,United States,89.6,87.5,90.4,98.2,74.0,65.0,43,454549,232900
12,Johns Hopkins University,United States,89.2,81.7,91.4,98.3,91.3,73.2,24,598580,378623
13,"University of California, Berkeley",United States,88.3,83.0,90.6,99.2,46.1,70.4,44,332444,191982
13,ETH Zurich,Switzerland,88.3,81.8,92.8,90.3,56.8,98.2,8,228634,74247
15,UCL,United Kingdom,87.1,77.8,88.7,96.1,42.7,96.2,23,92879,70180
16,Columbia University,United States,87.0,85.6,82.6,98.2,44.8,79.3,71,481664,197805
17,"University of California, Los Angeles",United States,86.8,83.1,88.6,97.3,51.3,64.1,24,246143,137349
18,University of Toronto,Canada,85.5,76.6,89.5,93.6,50.5,84.7,27,378615,64758
19,Cornell University,United States,85.1,79.7,86.0,96.6,37.1,73.4,34,420445,265557
20,Duke University,United States,84.0,82.4,76.8,97.0,99.9,61.5,10,590258,536198
22,Northwestern University,United States,83.5,74.2,83.8,97.8,78.4,64.1,10,548288,561698
23,Tsinghua University,China,82.6,86.6,94.0,74.6,100.0,47.4,11,141571,146761
24,Peking University,China,82.3,89.1,90.0,73.2,86.6,59.6,17,236627,89698
25,National University of Singapore,Singapore,81.9,76.8,90.4,76.9,58.8,95.5,43,611040,536762
26,University of Washington,United States,81.6,72.2,82.2,98.6,47.5,60.4,13,676328,259557
27,Carnegie Mellon University,United States,81.3,65.9,82.7,98.2,50.5,80.6,2,81746,81746
27,London School of Economics and Political Science,United Kingdom,81.3,69.0,83.0,92.8,35.1,93.2,77,362001,246620
29,New York University,United States,81.1,76.8,77.5,96.5,38.7,65.4,36,372914,147474
30,University of Edinburgh,United Kingdom,79.4,67.3,74.1,96.4,38.9,93.8,27,604003,376286
31,"University of California, San Diego",United States,78.8,62.6,78.9,97.7,90.3,63.7,5,209142,209105
32,University of Melbourne,Australia,77.8,65.9,74.1,89.8,76.3,93.1,9,205692,236442
34,University of British Columbia,Canada,76.3,61.5,73.2,92.5,43.8,94.4,8,326985,344239
35,University of Hong Kong,Hong Kong,75.9,69.5,77.2,76.6,59.7,98.6,37,357414,310407
38,Georgia Institute of Technology,United States,75.4,60.2,76.4,90.4,61.6,77.1,3,790353,889689
38,University of Texas at Austin,United States,75.4,68.2,76.2,93.2,46.6,39.1,18,430679,218169
42,McGill University,Canada,74.3,65.0,71.9,84.7,42.8,90.4,18,669674,449232
43,Technical University of Munich,Germany,74.1,64.6,70.4,85.5,100.0,72.9,2,454028,454028
44,Heidelberg University,Germany,73.5,67.1,60.3,96.2,54.6,67.5,13,264928,97632
50,Australian National University,Australia,72.1,54.4,69.7,88.4,46.4,95.5,14,710833,463200
53,Brown University,United States,70.0,64.0,56.1,94.9,36.5,61.4,8,291719,214510
54,University of North Carolina at Chapel Hill,United States,69.9,59.7,63.2,96.9,43.9,38.0,5,427469,387620
55,"University of California, Davis",United States,69.7,62.4,66.9,83.2,51.4,62.4,6,532960,228014
55,University of Manchester,United Kingdom,69.7,56.9,63.8,85.2,44.7,91.0,23,590495,416946
57,"University of California, Santa Barbara",United States,69.6,47.9,63.6,96.4,84.5,68.1,6,388292,413950
57,Chinese University of Hong Kong,Hong Kong,69.6,55.8,62.8,84.5,55.2,97.8,13,409158,294724
59,Wageningen University & Research,Netherlands,69.4,49.3,57.1,96.1,100.0,81.9,1,343662,343662
60,University of Sydney,Australia,69.3,51.0,61.5,90.7,67.7,89.2,16,164584,35203
61,Boston University,United States,68.5,57.3,55.6,95.7,41.4,64.4,18,553489,517223
62,University of Amsterdam,Netherlands,68.1,48.0,63.4,91.2,45.3,82.0,9,380674,58595
62,University of Southern California,United States,68.1,54.7,59.3,93.1,39.7,66.2,30,306940,128499
64,Seoul National University,South Korea,68.0,72.3,71.6,66.5,86.6,35.8,33,218438,220108
65,Kyoto University,Japan,67.7,73.7,78.1,59.9,66.2,33.7,5,65084,80668
66,University of Queensland,Australia,67.4,49.3,58.7,86.8,80.9,92.5,8,603319,480184
67,Delft University of Technology,Netherlands,66.7,55.3,72.3,63.2,99.4,92.8,2,63697,63697
67,Leiden University,Netherlands,66.7,48.3,65.0,83.1,72.7,79.4,13,526534,58595
69,Erasmus University Rotterdam,Netherlands,66.3,39.4,57.3,97.1,63.6,87.3,5,306297,79492
72,McMaster University,Canada,65.4,44.5,50.1,94.8,94.0,82.7,7,68774,8229
73,University of Groningen,Netherlands,65.1,42.3,55.6,91.6,79.8,82.5,6,53016,28487
74,Humboldt University of Berlin,Germany,65.0,61.8,66.8,67.9,40.2,67.8,9,212886,40163
75,Monash University,Australia,64.7,47.3,56.6,83.8,67.2,89.9,12,345036,276886
75,Utrecht University,Netherlands,64.7,44.1,61.2,88.4,65.3,65.5,4,561108,34882
77,University of Warwick,United Kingdom,64.6,46.9,52.7,88.8,42.8,93.8,13,558700,332385
79,University of Minnesota,United States,64.1,55.2,59.3,82.7,78.2,40.2,15,456827,285094
80,University of Science and Technology of China,China,64.0,64.6,59.5,74.7,79.6,31.3,1,145921,145921
80,Sorbonne University,France,64.0,62.3,50.6,79.9,38.4,69.2,55,374507,293721
84,Michigan State University,United States,63.9,56.6,57.4,80.0,37.8,63.3,9,250848,209069
86,University of Freiburg,Germany,63.3,49.1,51.6,83.1,100.0,75.7,10,47004,36608
87,University of Bristol,United Kingdom,63.2,41.8,48.4,95.5,40.9,86.6,8,195187,109551
90,University of Zurich,Switzerland,62.8,47.0,46.7,88.2,53.0,92.2,9,120500,59490
91,University of Tübingen,Germany,62.7,51.2,56.2,80.1,67.0,64.0,11,104824,47583
93,École Polytechnique,France,62.5,59.6,49.1,70.2,69.6,95.2,12,356481,221972
94,University of Basel,Switzerland,62.4,43.0,41.2,91.4,99.4,96.1,4,252361,249161
94,Dartmouth College,United States,62.4,58.4,39.9,96.4,41.0,39.6,5,575660,471306
96,"University of California, Irvine",United States,62.3,43.3,46.5,94.9,58.9,71.9,2,573614,573614
96,University of Helsinki,Finland,62.3,43.4,59.3,88.1,38.1,55.1,25,105872,56251
96,Lund University,Sweden,62.3,40.7,54.3,86.3,81.0,77.7,12,619793,367751
99,University of Glasgow,United Kingdom,62.2,41.1,47.9,91.8,40.0,92.3,5,596670,542847
99,RWTH Aachen University,Germany,62.2,55.6,61.5,67.3,98.1,59.0,3,225868,131138
101,University of Copenhagen,Denmark,62.1,48.1,44.1,89.6,48.1,85.4,14,107112,83449
102,Georgetown University,United States,61.9,57.3,37.9,93.9,62.5,47.2,33,732810,552092
102,Uppsala University,Sweden,61.9,41.6,56.4,85.0,74.6,68.1,10,116313,23178
104,University of Arizona,United States,61.8,52.6,53.7,85.3,52.7,40.2,6,878411,785617
105,University of Bonn,Germany,61.6,47.6,47.0,88.0,93.3,60.3,8,184197,43586
105,Rice University,United States,61.6,49.1,39.7,93.7,45.4,77.0,2,640504,640504
107,Zhejiang University,China,61.5,66.0,64.7,50.6,100.0,61.8,1,131138,131138
109,Fudan University,China,61.4,61.9,58.6,68.1,58.6,44.8,3,192799,215895
110,Queen Mary University of London,United Kingdom,61.3,35.3,43.1,98.0,44.1,96.7,2,1722,1722
112,University of Birmingham,United Kingdom,60.9,39.6,45.6,92.1,39.3,89.2,17,689387,727450
113,University of Bern,Switzerland,60.4,44.5,41.2,86.6,85.0,87.3,4,187049,75838
115,Aarhus University,Denmark,60.3,37.2,54.0,85.4,66.7,74.8,7,150449,61606
116,Vanderbilt University,United States,60.2,48.7,42.1,95.4,47.5,43.0,4,245485,217103
117,University of Sheffield,United Kingdom,60.1,45.2,46.4,83.0,45.8,87.3,2,1002361,1002361
119,Case Western Reserve University,United States,60.0,48.4,39.9,95.3,42.1,52.2,1,103564,103564
120,University of Adelaide,Australia,59.9,34.3,41.6,95.3,64.8,91.7,10,504388,565957
120,National Taiwan University,Taiwan,59.9,57.0,62.7,64.0,65.4,41.9,68,328627,300697
122,University of Southampton,United Kingdom,59.8,40.2,44.3,88.0,40.1,94.2,7,822890,1091854
123,Ghent University,Belgium,59.7,43.3,55.5,78.4,80.9,59.5,15,106023,40788
124,University of Colorado Boulder,United States,59.6,44.8,45.6,93.1,41.7,47.3,3,621331,343580
125,University of Göttingen,Germany,59.5,49.6,48.6,82.0,37.0,60.9,9,234981,72890
126,City University of Hong Kong,Hong Kong,59.3,41.0,48.9,77.6,62.4,99.6,2,591495,591495
127,Maastricht University,Netherlands,59.0,40.2,48.3,77.0,82.9,97.6,2,500406,500406
128,Radboud University Nijmegen,Netherlands,58.9,36.0,49.9,88.2,46.2,73.0,2,23959,23959
128,University of York,United Kingdom,58.9,40.3,46.6,85.1,36.4,85.4,6,302626,266472
130,University of Paris,France,58.8,52.0,36.1,88.3,35.6,66.6,123,360342,231242
131,University of Oslo,Norway,58.7,39.6,43.8,90.0,40.7,75.5,23,114016,73626
131,University of Western Australia,Australia,58.7,32.5,43.9,91.0,57.0,94.3,4,304916,277652
134,Indiana University,United States,58.4,50.8,49.7,76.7,49.8,53.5,18,586948,368725
134,University of Vienna,Austria,58.4,48.1,55.3,64.6,37.1,94.2,44,96097,92087
136,University of Alberta,Canada,58.2,47.9,48.8,70.3,60.5,87.5,3,563676,390585
136,University of Cape Town,South Africa,58.2,33.2,42.8,90.3,85.3,81.8,19,659414,379728
139,Tufts University,United States,58.0,49.1,34.2,94.4,38.6,49.6,10,154491,127111
141,University of Ottawa,Canada,57.9,41.3,42.0,86.2,46.5,77.7,6,745768,684107
144,University of Geneva,Switzerland,57.6,38.1,43.7,80.4,63.3,98.4,24,177209,65339
146,University of Exeter,United Kingdom,57.4,33.9,38.9,92.4,37.8,91.9,9,565605,482214
146,University of Sussex,United Kingdom,57.4,35.3,37.9,91.8,35.9,93.6,16,462413,277459
149,University of Hamburg,Germany,57.3,44.4,49.8,74.0,98.5,58.1,10,280831,174152
149,Technical University of Berlin,Germany,57.3,50.4,53.9,62.3,92.7,66.2,3,461106,256257
152,University of Nottingham,United Kingdom,57.2,42.7,42.6,80.3,39.4,87.5,6,1085877,998028
155,University of Leeds,United Kingdom,57.1,41.1,45.9,78.0,39.9,87.5,21,667793,509080
157,Autonomous University of Barcelona,Spain,56.9,40.9,36.1,92.9,44.8,64.3,4,530641,498686
157,University of Cologne,Germany,56.9,43.6,42.9,81.5,70.6,62.9,4,326229,207015
157,University of Mannheim,Germany,56.9,41.9,50.0,78.2,58.6,58.5,2,977511,977511
157,University of Notre Dame,United States,56.9,52.9,46.2,73.5,38.1,55.3,6,131396,121664
157,TU Dresden,Germany,56.9,46.5,48.5,73.0,94.1,55.8,1,306831,306831
163,University of Würzburg,Germany,56.8,38.7,42.4,87.5,65.6,61.5,3,46108,17296
164,Trinity College Dublin,Ireland,56.4,41.7,43.9,75.4,41.2,94.4,8,85605,44760
165,University of Liverpool,United Kingdom,56.3,35.2,37.5,88.8,38.8,92.2,6,615603,227689
166,Bielefeld University,Germany,56.1,36.1,42.7,91.1,59.4,48.6,1,125427,125427
166,University of Leicester,United Kingdom,56.1,30.1,34.8,96.2,38.1,90.7,3,1340459,1185951
168,University of Aberdeen,United Kingdom,56.0,30.4,33.3,95.2,45.8,95.7,5,866005,732968
168,University of Bologna,Italy,56.0,51.5,34.8,83.8,45.1,50.7,13,690993,540709
171,Hong Kong Polytechnic University,Hong Kong,55.9,41.0,46.6,71.8,42.3,94.1,3,17337,20500
173,Northeastern University,United States,55.6,38.0,27.9,97.5,38.0,75.0,2,366357,366357
173,University of Rochester,United States,55.6,43.4,30.3,91.4,40.9,67.2,5,540404,408961
175,University of Florida,United States,55.4,54.0,53.8,61.9,57.9,40.0,5,1031579,776663
175,Stockholm University,Sweden,55.4,30.0,46.4,85.0,36.6,81.3,14,550371,78045
178,Texas A&M University,United States,55.3,49.3,54.8,62.8,45.3,54.3,6,697861,641830
179,University of Auckland,New Zealand,55.2,31.4,43.9,80.2,62.4,94.0,37,460775,248814
179,Korea University,South Korea,55.2,48.4,50.2,64.5,93.9,52.0,16,295570,181282
184,Aalto University,Finland,54.8,41.8,39.4,76.7,48.3,82.3,4,56297,51924
184,Technical University of Denmark,Denmark,54.8,39.4,40.2,73.8,71.6,92.8,3,59981,66607
186,University of Gothenburg,Sweden,54.7,27.5,41.5,93.5,40.1,65.7,3,111797,44275
188,Télécom Paris,France,54.6,42.6,38.3,74.4,76.6,81.7,4,332777,377225
189,University of Münster,Germany,54.3,41.0,42.5,81.3,47.5,48.7,3,254168,285160
189,Tel Aviv University,Israel,54.3,41.3,51.3,71.2,41.8,54.7,37,108280,74896
192,University of East Anglia,United Kingdom,54.2,28.3,30.1,97.2,35.7,87.7,17,985848,576811
193,University of Canberra,Australia,54.1,25.2,31.1,99.2,38.6,86.9,1,796529,796529
194,University of Duisburg-Essen,Germany,54.0,34.4,32.8,91.8,71.6,60.0,1,14166,14166
194,University of Technology Sydney,Australia,54.0,33.5,42.9,75.3,50.3,96.1,1,1170821,1170821
194,University of the Witwatersrand,South Africa,54.0,31.2,43.2,78.8,100.0,73.7,14,259034,100894
198,University of Antwerp,Belgium,53.8,35.6,44.5,75.8,72.2,69.6,1,46150,46150
198,Cardiff University,United Kingdom,53.8,32.5,35.5,87.1,37.8,85.1,8,784244,501631
198,George Washington University,United States,53.8,48.6,32.4,81.5,35.0,55.5,25,677997,505359
198,University of Lausanne,Switzerland,53.8,33.1,44.2,73.3,67.8,92.7,9,85559,74355
201,University of Barcelona,Spain,50.1–53.7,37.3,32.5,87.6,41.2,54.7,17,494186,170003
201,University of Bergen,Norway,50.1–53.7,29.5,29.4,94.1,37.1,78.3,6,55763,48926
201,Brandeis University,United States,50.1–53.7,28.5,22.9,100.0,35.6,53.4,14,437388,106061
201,University of Calgary,Canada,50.1–53.7,33.9,34.2,84.7,48.1,77.2,4,181042,108247
201,University of Dundee,United Kingdom,50.1–53.7,24.8,31.2,90.5,46.5,80.4,2,1005222,1005222
201,Griffith University,Australia,50.1–53.7,25.5,32.7,86.0,42.0,81.8,2,535618,535618
201,Hebrew University of Jerusalem,Israel,50.1–53.7,48.2,45.1,62.3,41.4,60.3,58,112670,94413
201,Howard University,United States,50.1–53.7,42.8,15.3,99.0,34.4,34.0,11,1068135,814640
201,University of Iowa,United States,50.1–53.7,43.1,29.5,82.3,54.0,46.5,11,147972,112132
201,King Abdulaziz University,Saudi Arabia,50.1–53.7,29.5,16.5,96.4,78.9,93.1,3,353406,286683
201,University of Konstanz,Germany,50.1–53.7,38.8,44.2,66.4,72.1,65.6,3,80710,60357
201,University of Luxembourg,Luxembourg,50.1–53.7,37.9,36.5,75.8,45.2,99.7,1,895476,895476
201,Macquarie University,Australia,50.1–53.7,37.8,42.6,71.8,53.1,83.9,3,351927,245034
201,University of Massachusetts,United States,50.1–53.7,38.5,31.1,87.0,49.9,61.7,12,799592,556528
201,University of Miami,United States,50.1–53.7,44.0,25.2,83.2,41.3,59.1,14,733642,223938
201,Moscow Institute of Physics and Technology,Russian Federation,50.1–53.7,53.3,45.6,47.2,99.9,58.7,1,105661,105661
201,Newcastle University,United Kingdom,50.1–53.7,31.5,36.2,85.5,41.7,87.8,8,361319,349147
201,University of Otago,New Zealand,50.1–53.7,30.2,32.1,84.7,37.0,89.8,15,389093,210446
201,University of Padua,Italy,50.1–53.7,42.5,30.9,80.2,38.4,45.1,3,582642,748840
201,University of Reading,United Kingdom,50.1–53.7,32.1,35.2,76.9,40.3,91.9,11,688287,628227
201,University College Dublin,Ireland,50.1–53.7,30.8,36.5,73.6,43.9,92.5,11,137075,27152
201,University of Utah,United States,50.1–53.7,39.0,34.7,86.4,48.3,33.0,2,713566,713566
201,Vrije Universiteit Brussel,Belgium,50.1–53.7,37.4,42.3,62.7,87.0,75.4,3,32284,31159
201,William & Mary,United States,50.1–53.7,47.5,21.1,87.4,35.3,37.3,2,412819,412819
201,University of Wollongong,Australia,50.1–53.7,29.9,35.0,75.5,55.7,93.4,1,402180,402180
251,Auckland University of Technology,New Zealand,46.9–50.0,19.7,18.4,98.0,36.7,95.8,1,183269,183269
251,Autonomous University of Madrid,Spain,46.9–50.0,40.1,28.7,74.5,38.6,51.5,1,245234,245234
251,University of Bath,United Kingdom,46.9–50.0,28.6,31.1,75.7,37.5,90.3,5,571955,246620
251,University at Buffalo,United States,46.9–50.0,37.2,32.7,73.8,42.1,64.7,9,383313,411289
251,Chalmers University of Technology,Sweden,46.9–50.0,36.1,42.1,60.0,74.1,82.9,1,47263,47263
251,University of Cincinnati,United States,46.9–50.0,35.5,30.8,83.9,39.4,40.9,1,395313,395313
251,Curtin University,Australia,46.9–50.0,23.4,30.4,83.2,44.8,94.2,1,4611,4611
251,Dalhousie University,Canada,46.9–50.0,27.7,29.6,79.5,44.4,85.4,2,63375,63375
251,University of Delaware,United States,46.9–50.0,28.5,38.2,71.5,90.6,47.2,1,1183,1183
251,École des Ponts ParisTech,France,46.9–50.0,39.9,24.5,73.1,57.5,82.3,8,452747,510274
251,University of Essex,United Kingdom,46.9–50.0,31.6,34.3,68.6,35.0,96.5,20,539327,292020
251,Flinders University,Australia,46.9–50.0,22.5,29.9,84.4,37.7,88.0,5,563504,498336
251,Florida State University,United States,46.9–50.0,38.0,40.1,69.2,39.4,43.5,8,405018,239834
251,George Mason University,United States,46.9–50.0,29.9,26.3,89.5,35.8,46.2,1,824951,824951
251,University of Illinois at Chicago,United States,46.9–50.0,45.0,33.4,69.7,43.2,54.9,1,20719,20719
251,La Trobe University,Australia,46.9–50.0,27.1,33.1,73.3,51.3,83.8,4,465315,481304
251,University of Oregon,United States,46.9–50.0,34.0,29.3,83.7,34.7,37.0,11,701240,624217
251,University of Oulu,Finland,46.9–50.0,30.3,34.4,76.4,43.0,54.3,1,97125,97125
251,Ruhr University Bochum,Germany,46.9–50.0,39.7,45.0,57.9,54.5,55.0,1,199359,199359
251,University of São Paulo,Brazil,46.9–50.0,56.4,54.0,40.6,39.9,33.9,10,78142,18461
251,Sapienza University of Rome,Italy,46.9–50.0,40.4,40.0,69.8,43.6,40.5,14,211394,12554
251,Simon Fraser University,Canada,46.9–50.0,24.1,35.5,75.3,47.0,91.1,2,58742,58742
251,University of South Australia,Australia,46.9–50.0,31.5,39.4,65.8,82.5,89.3,1,1337210,1337210
251,Stellenbosch University,South Africa,46.9–50.0,29.5,34.6,74.4,59.1,54.8,7,187345,138252
251,University of Stuttgart,Germany,46.9–50.0,41.8,45.4,52.4,61.1,53.1,1,48284,48284
251,University of Surrey,United Kingdom,46.9–50.0,30.2,34.3,71.9,46.8,93.7,4,657508,674736
251,Syracuse University,United States,46.9–50.0,35.1,29.6,78.1,35.3,48.7,10,194821,49075
251,Tohoku University,Japan,46.9–50.0,52.7,54.4,39.8,86.4,38.1,2,53092,53092
251,Tokyo Institute of Technology,Japan,46.9–50.0,51.2,51.8,37.4,69.3,40.5,4,42735,32410
251,Western Sydney University,Australia,46.9–50.0,23.5,29.1,82.8,40.4,83.7,1,469688,469688
301,Aix-Marseille University,France,44.5–46.8,41.3,25.3,67.1,36.8,60.5,9,939698,689273
301,Anglia Ruskin University,United Kingdom,44.5–46.8,17.9,14.4,99.9,35.1,83.7,3,51859,1336
301,Beijing Normal University,China,44.5–46.8,46.5,39.6,48.6,57.1,42.9,4,32206,32048
301,Boston College,United States,44.5–46.8,36.7,33.7,69.2,34.4,42.3,5,887618,925128
301,University of Canterbury,New Zealand,44.5–46.8,24.3,27.2,72.7,38.5,93.1,18,365793,267866
301,Colorado School of Mines,United States,44.5–46.8,30.1,25.1,79.6,46.6,42.1,2,472810,472810
301,Deakin University,Australia,44.5–46.8,23.8,29.6,73.5,40.6,85.2,1,461372,461372
301,University of Fribourg,Switzerland,44.5–46.8,31.8,32.4,64.7,54.1,87.3,11,237453,73813
301,Goethe University Frankfurt,Germany,44.5–46.8,31.7,29.5,75.6,43.2,59.9,5,96596,97632
301,Grenoble Alpes University,France,44.5–46.8,34.0,30.4,69.7,36.0,59.9,4,700472,712222
301,Indian Institute of Science,India,44.5–46.8,58.6,55.3,32.4,57.1,20.2,3,546289,162083
301,Kyung Hee University,South Korea,44.5–46.8,33.8,40.5,56.4,84.9,62.6,8,144562,177928
301,University of Liège,Belgium,44.5–46.8,27.6,38.2,60.5,95.9,70.6,4,350862,364878
301,University of Macau,Macao,44.5–46.8,32.3,32.6,61.9,41.0,98.5,1,818531,818531
301,University of Malaya,Malaysia,44.5–46.8,41.6,30.5,56.6,48.1,81.6,19,332131,333716
301,University of Marburg,Germany,44.5–46.8,33.8,29.1,73.4,39.1,53.6,3,62920,41144
301,University of Milan,Italy,44.5–46.8,35.9,28.9,72.2,37.7,42.6,5,403717,16814
301,Nagoya University,Japan,44.5–46.8,47.8,47.8,43.4,76.8,32.8,4,21571,18075
301,North Carolina State University,United States,44.5–46.8,36.7,35.3,64.7,43.2,57.8,4,252636,176378
301,Osaka University,Japan,44.5–46.8,51.5,49.0,34.6,63.0,36.0,2,5750,5750
301,Stony Brook University,United States,44.5–46.8,34.4,23.5,77.0,36.1,71.5,3,700695,652681
301,University of Tartu,Estonia,44.5–46.8,26.8,27.1,82.4,37.5,55.4,57,383566,322025
301,University of Tasmania,Australia,44.5–46.8,26.0,33.7,63.0,50.1,88.2,3,953219,469688
301,Temple University,United States,44.5–46.8,39.3,23.5,79.3,34.4,37.7,5,724128,439270
301,University of Texas at Dallas,United States,44.5–46.8,23.7,29.3,82.1,39.9,60.2,3,511325,307366
301,Tulane University,United States,44.5–46.8,42.3,24.1,72.7,37.0,41.9,10,808986,775435
301,Umeå University,Sweden,44.5–46.8,23.5,28.5,79.1,36.2,63.4,1,9970,9970
301,United Arab Emirates University,United Arab Emirates,44.5–46.8,23.7,19.1,84.7,43.3,91.6,4,1249153,1274178
301,University College Cork,Ireland,44.5–46.8,24.9,23.1,77.5,44.5,81.3,1,6868,6868
301,Victoria University,Australia,44.5–46.8,24.0,26.0,75.3,42.8,77.9,26,395836,292302
351,American University of Beirut,Lebanon,42.4–44.4,28.7,14.9,77.1,36.7,78.2,50,666128,531203
351,University of Bayreuth,Germany,42.4–44.4,34.7,34.5,55.8,59.9,55.4,1,94473,94473
351,University of Bremen,Germany,42.4–44.4,36.9,36.1,56.0,49.0,55.7,1,1196682,1196682
351,Catholic University of Portugal,Portugal,42.4–44.4,18.3,15.0,94.6,35.9,47.4,2,192741,192741
351,University of Connecticut,United States,42.4–44.4,36.5,29.7,60.6,37.9,49.0,6,390261,315291
351,University of Crete,Greece,42.4–44.4,17.7,20.1,91.4,38.7,48.0,1,134903,134903
351,University of Denver,United States,42.4–44.4,40.5,22.3,75.4,35.8,27.8,5,394795,433512
351,University of Florence,Italy,42.4–44.4,37.9,25.1,65.8,42.3,46.2,5,434160,24886
351,"Goldsmiths, University of London",United Kingdom,42.4–44.4,33.8,28.6,60.4,35.1,79.4,3,591694,799375
351,Hanyang University,South Korea,42.4–44.4,39.1,40.0,40.1,92.3,62.3,8,277295,262219
351,Hofstra University,United States,42.4–44.4,38.4,13.2,79.3,34.4,29.8,2,8298,8298
351,University of Iceland,Iceland,42.4–44.4,19.5,30.0,75.0,62.7,63.6,18,213099,179501
351,Iowa State University,United States,42.4–44.4,29.5,33.0,60.5,49.6,56.7,2,598050,598050
351,University of Kent,United Kingdom,42.4–44.4,24.1,28.4,67.9,35.0,91.5,9,661936,600370
351,Loughborough University,United Kingdom,42.4–44.4,33.8,34.3,52.9,39.0,80.1,4,398780,247521
351,University of Manitoba,Canada,42.4–44.4,28.0,30.8,69.9,36.5,53.4,5,385654,456904
351,National Tsing Hua University,Taiwan,42.4–44.4,35.4,46.2,50.1,64.8,36.2,1,476690,476690
351,Örebro University,Sweden,42.4–44.4,17.6,21.1,88.7,36.0,52.2,2,9060,9060
351,Oregon State University,United States,42.4–44.4,30.9,30.1,67.2,37.7,52.9,1,351754,351754
351,University of Perugia,Italy,42.4–44.4,18.6,22.8,87.5,45.2,44.6,2,77171,77171
351,University of Pisa,Italy,42.4–44.4,31.2,26.5,74.3,40.5,40.9,5,160241,9610
351,University of Salerno,Italy,42.4–44.4,20.2,19.5,94.0,37.3,33.9,1,8270,8270
351,University of Stirling,United Kingdom,42.4–44.4,23.6,25.3,75.5,35.2,82.1,1,969135,969135
351,Swinburne University of Technology,Australia,42.4–44.4,24.5,28.9,66.5,41.0,79.3,1,34592,34592
351,University of Turku,Finland,42.4–44.4,27.1,30.8,73.5,37.3,52.6,1,12681,12681
351,Washington State University,United States,42.4–44.4,30.7,28.6,71.8,48.4,49.3,2,535947,535947
351,Wayne State University,United States,42.4–44.4,33.3,18.1,83.3,45.4,37.6,5,799483,298463
351,Wuhan University,China,42.4–44.4,44.0,34.0,52.5,84.7,40.4,1,170202,170202
401,Aberystwyth University,United Kingdom,38.8–42.3,24.8,22.9,66.3,39.7,78.1,3,236313,247313
401,University of Alabama,United States,38.8–42.3,26.9,22.4,77.4,35.3,28.9,1,426695,426695
401,American University,United States,38.8–42.3,40.9,19.5,65.7,39.1,32.3,78,651395,496467
401,Bangor University,United Kingdom,38.8–42.3,22.4,20.7,66.3,35.7,81.8,2,116775,116775
401,Bond University,Australia,38.8–42.3,21.1,19.6,64.6,35.9,89.2,1,120416,120416
401,University of Bordeaux,France,38.8–42.3,30.0,22.7,66.8,36.4,58.4,6,575536,597132
401,Charles University in Prague,Czech Republic,38.8–42.3,32.9,25.9,53.0,34.8,58.7,8,158996,109308
401,"City, University of London",United Kingdom,38.8–42.3,26.1,27.8,57.7,35.5,94.9,5,973807,1136056
401,University of Cyprus,Cyprus,38.8–42.3,24.0,24.6,62.3,47.7,81.0,1,320127,320127
401,Drexel University,United States,38.8–42.3,35.8,20.4,64.7,41.5,50.3,2,119744,119744
401,Edith Cowan University,Australia,38.8–42.3,18.7,21.9,67.8,39.1,82.9,1,435096,435096
401,University of Genoa,Italy,38.8–42.3,32.1,23.1,63.8,42.9,43.9,2,3684,3684
401,University of Georgia,United States,38.8–42.3,34.9,35.8,55.8,37.2,46.0,3,294492,432146
401,Harbin Institute of Technology,China,38.8–42.3,39.5,36.8,44.0,99.3,36.7,2,144007,144007
401,Hong Kong Baptist University,Hong Kong,38.8–42.3,27.9,22.0,58.1,38.4,97.6,5,324392,275107
401,University of Houston,United States,38.8–42.3,33.6,25.9,58.0,36.8,42.5,3,194262,167865
401,Indian Institute of Technology Bombay,India,38.8–42.3,44.7,39.6,34.9,80.3,21.0,1,172688,172688
401,Indian Institute of Technology Delhi,India,38.8–42.3,48.5,27.9,49.0,73.9,17.6,3,80567,51575
401,Indian Institute of Technology Kharagpur,India,38.8–42.3,41.3,38.9,39.0,91.9,18.8,1,1141944,1141944
401,University of Innsbruck,Austria,38.8–42.3,27.6,21.8,62.0,43.1,97.4,11,431439,92952
401,University of Kansas,United States,38.8–42.3,36.9,22.6,68.3,43.5,35.4,4,643195,572955
401,University of Kentucky,United States,38.8–42.3,37.0,24.9,55.5,38.4,38.0,1,683931,683931
401,Mansoura University,Egypt,38.8–42.3,19.1,9.2,88.1,39.6,44.3,2,378706,378706
401,Middlesex University,United Kingdom,38.8–42.3,19.4,17.3,74.2,34.6,88.3,8,476712,317155
401,Norwegian University of Science and Technology,Norway,38.8–42.3,26.2,28.3,64.3,38.5,62.2,1,35954,35954
401,Oklahoma State University,United States,38.8–42.3,24.1,21.5,71.1,36.9,44.3,2,798554,798554
401,University of Pavia,Italy,38.8–42.3,24.6,25.7,65.5,55.5,47.0,1,13020,13020
401,University of Peradeniya,Sri Lanka,38.8–42.3,16.5,7.6,100.0,35.4,43.3,6,664486,440579
401,University of the Philippines,Philippines,38.8–42.3,24.1,17.2,86.9,39.4,37.9,41,509509,401551
401,University of Porto,Portugal,38.8–42.3,27.4,27.9,62.1,38.7,53.9,6,276822,107132
401,University of Portsmouth,United Kingdom,38.8–42.3,17.8,16.2,71.0,34.9,87.7,1,1052075,1052075
401,Qatar University,Qatar,38.8–42.3,19.6,27.2,64.7,49.3,99.6,1,102896,102896
401,Rensselaer Polytechnic Institute,United States,38.8–42.3,30.0,28.7,58.9,67.0,52.1,2,739447,739447
401,University of Saskatchewan,Canada,38.8–42.3,35.9,26.9,48.1,59.2,72.6,2,1021935,1021935
401,Sciences Po,France,38.8–42.3,29.8,27.0,56.8,38.2,76.0,45,238614,47284
401,Sejong University,South Korea,38.8–42.3,23.4,20.8,75.4,40.0,42.6,1,87874,87874
401,University of Siena,Italy,38.8–42.3,37.9,21.6,67.6,37.5,43.1,2,464893,464893
401,University of Strasbourg,France,38.8–42.3,28.7,21.1,62.3,37.7,71.9,7,127496,45124
401,University of Strathclyde,United Kingdom,38.8–42.3,28.3,31.6,51.9,43.6,86.2,2,1349017,1349017
401,University of Trieste,Italy,38.8–42.3,30.1,22.7,66.9,37.7,47.8,2,1556897,1556897
401,University of Tsukuba,Japan,38.8–42.3,43.3,37.2,34.4,44.6,44.3,4,417197,256668
401,University of Tulsa,United States,38.8–42.3,33.5,16.2,68.9,50.5,39.6,2,170107,170107
401,University of Turin,Italy,38.8–42.3,22.6,27.3,75.3,45.4,44.3,2,30323,30323
401,University of Valencia,Spain,38.8–42.3,24.6,20.8,70.8,37.0,47.0,3,599320,842400
401,University of Victoria,Canada,38.8–42.3,23.6,15.9,70.1,44.9,87.2,3,151113,215766
401,York University,Canada,38.8–42.3,28.2,37.6,50.7,45.4,75.0,47,425104,171446
501,Amirkabir University of Technology,Iran,35.3–38.7,34.2,31.8,43.2,76.5,21.9,1,622009,622009
501,Aston University,United Kingdom,35.3–38.7,21.0,24.2,55.1,37.1,92.4,3,933769,1099190
501,Bar-Ilan University,Israel,35.3–38.7,29.9,36.5,44.2,46.6,52.9,7,80761,84025
501,University of Campinas,Brazil,35.3–38.7,44.6,38.0,34.8,44.8,30.6,1,2017,2017
501,Carleton University,Canada,35.3–38.7,20.2,27.2,57.1,36.1,69.0,10,670159,353545
501,Chung-Ang University,South Korea,35.3–38.7,37.9,37.0,25.2,64.6,49.7,10,235407,231423
501,Claude Bernard University Lyon 1,France,35.3–38.7,26.0,24.0,58.0,38.6,56.7,2,894463,894463
501,Complutense University of Madrid,Spain,35.3–38.7,35.4,28.9,47.2,36.1,44.0,33,188354,27985
501,East China Normal University,China,35.3–38.7,30.5,23.5,50.5,50.6,58.4,2,158351,158351
501,Florida International University,United States,35.3–38.7,30.4,22.6,62.3,38.0,39.7,1,2483,2483
501,University of Graz,Austria,35.3–38.7,22.9,18.3,56.1,35.8,76.0,10,255304,103231
501,University of Greifswald,Germany,35.3–38.7,30.0,22.4,60.2,39.1,47.0,1,16217,16217
501,University of Guelph,Canada,35.3–38.7,26.2,29.4,47.4,48.6,57.7,1,854025,854025
501,Hacettepe University,Turkey,35.3–38.7,28.4,13.1,70.5,37.5,25.0,3,100562,95229
501,University of Haifa,Israel,35.3–38.7,26.7,31.9,52.8,36.3,35.9,7,110086,95715
501,University of Hull,United Kingdom,35.3–38.7,22.3,23.0,56.1,36.3,76.5,5,904955,780850
501,University of Ibadan,Nigeria,35.3–38.7,23.4,12.1,77.6,41.4,37.1,16,374135,378425
501,King Fahd University of Petroleum and Minerals,Saudi Arabia,35.3–38.7,27.2,15.9,51.7,64.4,78.7,5,652249,664232
501,King Saud University,Saudi Arabia,35.3–38.7,24.6,25.8,49.6,83.4,80.3,13,668569,533214
501,University of Limerick,Ireland,35.3–38.7,20.1,23.5,54.6,39.2,83.7,1,66453,66453
501,Lincoln University,New Zealand,35.3–38.7,24.4,19.9,47.9,51.5,94.2,4,844438,784498
501,University of Lisbon,Portugal,35.3–38.7,25.2,29.8,52.7,39.2,53.8,53,419949,101060
501,Louisiana State University,United States,35.3–38.7,34.5,26.3,55.3,35.4,35.5,8,414573,266953
501,Massey University,New Zealand,35.3–38.7,22.9,18.9,49.1,41.5,92.8,5,432207,245616
501,Memorial University of Newfoundland,Canada,35.3–38.7,20.5,19.9,57.7,61.0,74.1,1,21633,21633
501,National and Kapodistrian University of Athens,Greece,35.3–38.7,21.8,15.0,72.9,55.4,52.0,31,419337,132089
501,National Chiao Tung University,Taiwan,35.3–38.7,35.8,43.3,25.6,87.0,35.9,2,269865,269865
501,University of Neuchâtel,Switzerland,35.3–38.7,23.7,29.3,48.3,37.2,90.4,2,74719,74719
501,North-West University,South Africa,35.3–38.7,20.1,17.1,69.9,41.1,43.3,1,1774592,1774592
501,Norwegian University of Life Sciences,Norway,35.3–38.7,26.5,10.5,66.2,39.9,78.4,1,977980,977980
501,Novosibirsk State University,Russian Federation,35.3–38.7,42.8,31.9,30.3,35.7,43.8,4,132239,98980
501,The Open University,United Kingdom,35.3–38.7,18.2,16.1,66.5,34.8,57.0,6,970332,1172082
501,Pontifical Catholic University of Chile,Chile,35.3–38.7,24.2,28.3,48.6,64.5,57.1,21,142540,118438
501,Renmin University of China,China,35.3–38.7,42.5,21.2,47.4,43.9,42.5,5,134890,126207
501,San Diego State University,United States,35.3–38.7,23.7,24.4,62.0,35.1,33.9,1,607938,607938
501,Sharif University of Technology,Iran,35.3–38.7,28.9,36.7,41.0,99.8,23.7,2,248576,248576
501,University of Siegen,Germany,35.3–38.7,21.3,25.3,57.1,40.2,54.4,1,68514,68514
501,Soochow University,China,35.3–38.7,23.4,20.8,68.2,37.5,28.3,5,296417,287790
501,Tomsk State University,Russian Federation,35.3–38.7,41.0,33.7,23.4,53.0,71.6,1,2144054,2144054
501,Victoria University of Wellington,New Zealand,35.3–38.7,23.0,31.8,45.5,57.2,88.7,26,395836,292302
501,University of Waikato,New Zealand,35.3–38.7,20.8,26.3,48.8,43.4,86.2,4,216328,220066
501,Xiamen University,China,35.3–38.7,27.3,22.9,57.1,53.3,31.5,1,139391,139391
501,Yokohama City University,Japan,35.3–38.7,25.9,8.5,86.2,40.3,20.3,1,12108,12108
601,Åbo Akademi University,Finland,28.3–35.2,22.6,29.2,33.1,38.5,66.9,1,91306,91306
601,Aristotle University of Thessaloniki,Greece,28.3–35.2,19.2,16.8,64.3,41.3,41.2,11,501986,403627
601,University of Arkansas,United States,28.3–35.2,26.9,23.0,37.0,39.4,30.9,2,763570,763570
601,Auburn University,United States,28.3–35.2,32.7,21.1,43.3,40.2,43.8,1,463512,463512
601,Banaras Hindu University,India,28.3–35.2,30.8,16.4,46.7,34.6,17.7,1,951643,951643
601,University of the Basque Country,Spain,28.3–35.2,22.0,17.1,47.3,37.1,41.5,2,24304,24304
601,Boğaziçi University,Turkey,28.3–35.2,23.2,21.2,49.4,50.8,41.8,5,69140,44392
601,University of Brighton,United Kingdom,28.3–35.2,17.1,14.2,43.4,35.1,75.6,1,74842,74842
601,Cairo University,Egypt,28.3–35.2,21.8,13.7,51.5,35.4,35.3,2,154289,154289
601,University of Central Florida,United States,28.3–35.2,26.5,28.7,49.7,42.6,32.9,1,486694,486694
601,Clemson University,United States,28.3–35.2,25.0,21.2,43.0,40.1,39.2,3,493287,584901
601,University of Coimbra,Portugal,28.3–35.2,23.7,28.1,47.4,41.0,58.7,7,226854,87759
601,Concordia University,Canada,28.3–35.2,20.9,25.9,46.0,36.9,82.5,4,1101148,900071
601,University of Costa Rica,Costa Rica,28.3–35.2,16.2,7.9,77.1,34.4,48.2,32,519205,502089
601,University of Delhi,India,28.3–35.2,37.6,17.8,42.8,34.5,17.3,41,386961,59469
601,Eötvös Loránd University,Hungary,28.3–35.2,21.4,17.7,48.2,35.1,52.6,15,77846,60564
601,Ewha Womans University,South Korea,28.3–35.2,29.9,30.8,31.4,69.9,46.7,4,235479,264608
601,Federal University of Minas Gerais,Brazil,28.3–35.2,30.2,17.9,52.0,38.8,29.6,1,34554,34554
601,Federal University of Rio Grande do Sul,Brazil,28.3–35.2,29.6,18.3,49.3,46.5,26.3,1,2017,2017
601,Glasgow Caledonian University,United Kingdom,28.3–35.2,15.7,12.2,56.2,35.2,61.1,3,292005,7375
601,University of Granada,Spain,28.3–35.2,19.4,20.9,52.0,35.6,48.1,1,10481,10481
601,University of Greenwich,United Kingdom,28.3–35.2,17.1,15.2,39.5,35.4,89.4,2,696317,696317
601,Indian Institute of Technology Kanpur,India,28.3–35.2,37.8,24.5,35.2,94.3,18.8,1,66119,66119
601,Indian Institute of Technology Madras,India,28.3–35.2,44.9,30.6,25.4,80.0,19.3,1,185863,185863
601,University of Indonesia,Indonesia,28.3–35.2,38.7,19.2,16.7,81.6,53.7,27,365628,391813
601,University of International Business and Economics,China,28.3–35.2,25.3,16.1,35.2,35.7,61.5,1,246620,246620
601,Iran University of Science and Technology,Iran,28.3–35.2,27.8,33.0,42.6,96.3,16.8,2,42537,42537
601,Istanbul Technical University,Turkey,28.3–35.2,25.2,28.0,30.2,100.0,26.8,5,364487,92049
601,Jagiellonian University,Poland,28.3–35.2,25.5,17.0,61.4,35.3,37.7,4,113648,16241
601,Jawaharlal Nehru University,India,28.3–35.2,43.9,17.3,26.6,43.0,19.3,4,168339,169651
601,University of Johannesburg,South Africa,28.3–35.2,19.7,25.8,42.5,40.4,69.2,1,1774592,1774592
601,Kansas State University,United States,28.3–35.2,25.0,20.4,45.8,41.9,47.2,5,307353,433726
601,Kazan Federal University,Russian Federation,28.3–35.2,28.7,16.9,47.8,40.0,42.6,1,638613,638613
601,Keio University,Japan,28.3–35.2,32.1,25.7,36.8,42.7,31.5,11,72963,27329
601,Konkuk University,South Korea,28.3–35.2,33.0,37.9,27.5,44.3,47.7,1,214240,214240
601,Lehigh University,United States,28.3–35.2,27.4,20.8,51.0,40.3,45.1,1,393993,393993
601,University of Ljubljana,Slovenia,28.3–35.2,21.1,18.7,44.8,39.7,42.3,88,568286,348510
601,University of Lorraine,France,28.3–35.2,21.8,13.5,61.3,37.3,61.6,1,4871,4871
601,Mahidol University,Thailand,28.3–35.2,31.6,21.0,45.2,73.4,46.1,2,308696,308696
601,Makerere University,Uganda,28.3–35.2,16.7,12.7,69.6,40.9,58.7,72,1016157,995856
601,University of Malta,Malta,28.3–35.2,16.9,13.7,48.1,34.7,57.9,23,419118,366624
601,Manchester Metropolitan University,United Kingdom,28.3–35.2,20.1,14.2,55.4,34.8,65.3,1,1093247,1093247
601,"University of Maryland, Baltimore County",United States,28.3–35.2,22.9,17.4,57.8,35.7,34.3,1,2089661,2089661
601,Masaryk University,Czech Republic,28.3–35.2,22.6,25.4,36.3,35.6,61.5,5,165823,130502
601,Metropolitan Autonomous University,Mexico,28.3–35.2,16.6,16.3,68.6,36.4,25.1,2,118195,118195
601,Middle East Technical University,Turkey,28.3–35.2,28.7,23.2,30.7,62.1,30.4,11,738797,178280
601,Montana State University,United States,28.3–35.2,18.6,19.4,67.0,48.4,28.4,2,295366,295366
601,Monterrey Institute of Technology,Mexico,28.3–35.2,20.5,18.2,41.8,74.7,57.3,1,44326,44326
601,University of Nantes,France,28.3–35.2,19.8,21.0,57.4,39.5,50.4,2,653449,653449
601,National Autonomous University of Mexico,Mexico,28.3–35.2,31.9,30.4,18.9,61.7,44.2,22,218259,59631
601,National Taiwan Normal University,Taiwan,28.3–35.2,32.0,37.3,22.8,78.4,51.4,9,408404,463467
601,National Technical University of Athens,Greece,28.3–35.2,23.0,12.8,45.0,71.5,38.6,6,131880,141346
601,Nippon Medical School,Japan,28.3–35.2,25.7,8.8,55.1,34.8,16.9,1,185655,185655
601,Nottingham Trent University,United Kingdom,28.3–35.2,17.7,12.9,59.5,34.9,69.0,1,1310832,1310832
601,University of Palermo,Italy,28.3–35.2,21.1,17.9,63.0,35.0,27.3,2,176871,176871
601,Panjab University,India,28.3–35.2,27.0,14.4,56.6,34.9,16.5,3,20446,18792
601,University of Parma,Italy,28.3–35.2,18.1,18.9,65.7,39.4,38.1,1,882537,882537
601,University of Pretoria,South Africa,28.3–35.2,25.1,30.1,33.0,41.8,52.0,6,578938,148754
601,Université du Québec,Canada,28.3–35.2,24.9,23.6,39.1,42.1,67.2,3,487005,381258
601,University of Rennes 1,France,28.3–35.2,21.0,15.5,50.9,36.9,55.9,1,512526,512526
601,Ryerson University,Canada,28.3–35.2,19.4,26.0,38.6,36.2,52.4,1,21597,21597
601,Saint Petersburg State University,Russian Federation,28.3–35.2,46.1,31.0,19.7,36.4,39.3,28,429216,213408
601,University of Salamanca,Spain,28.3–35.2,26.4,17.5,37.9,37.0,51.4,8,231792,169942
601,University of Santiago de Compostela,Spain,28.3–35.2,21.8,16.6,46.9,40.3,44.7,3,885644,1290335
601,Savitribai Phule Pune University,India,28.3–35.2,38.9,18.5,46.6,36.1,17.5,3,364836,133564
601,Shandong University,China,28.3–35.2,32.3,29.1,35.4,72.3,30.6,2,158701,158701
601,Université de Sherbrooke,Canada,28.3–35.2,29.6,14.5,51.0,38.1,58.5,2,294214,294214
601,Sidi Mohamed Ben Abdellah University,Morocco,28.3–35.2,25.2,7.6,53.2,34.4,23.6,1,683057,683057
601,University of Tehran,Iran,28.3–35.2,36.7,23.5,38.7,34.4,23.3,35,166738,131340
601,University of Texas at Arlington,United States,28.3–35.2,21.0,18.3,50.0,39.7,46.0,3,559308,693192
601,Texas Tech University,United States,28.3–35.2,30.8,20.9,46.5,36.2,48.4,1,1820468,1820468
601,Ulster University,United Kingdom,28.3–35.2,21.0,18.0,40.9,35.6,75.7,1,1725411,1725411
601,University of Warsaw,Poland,28.3–35.2,25.8,21.5,41.4,35.1,45.6,17,148813,36575
601,Waseda University,Japan,28.3–35.2,31.3,22.8,28.2,38.1,38.0,17,116537,72732
601,University of the West of England,United Kingdom,28.3–35.2,17.1,15.2,48.4,34.9,64.3,2,895349,895349
601,University of the Western Cape,South Africa,28.3–35.2,18.3,20.0,60.3,34.4,62.1,5,862498,498144
601,University of Westminster,United Kingdom,28.3–35.2,18.2,16.2,36.7,34.8,86.7,5,571660,412489
601,University of Windsor,Canada,28.3–35.2,33.7,26.6,33.5,36.8,79.9,2,531811,531811
801,University of the Aegean,Greece,22.2–28.2,18.1,17.8,44.3,37.0,37.5,1,340425,340425
801,Ain Shams University,Egypt,22.2–28.2,21.0,10.1,31.5,35.6,36.0,19,672116,470509
801,Aligarh Muslim University,India,22.2–28.2,29.0,10.4,41.1,34.5,23.6,3,21310,19953
801,American University in Cairo,Egypt,22.2–28.2,27.0,25.1,20.2,35.5,64.1,7,464259,491322
801,University of Baghdad,Iraq,22.2–28.2,19.5,7.9,43.5,35.2,31.1,25,585627,512183
801,Bauman Moscow State Technical University,Russian Federation,22.2–28.2,34.0,17.4,16.8,61.8,26.3,4,496679,82647
801,University of Bradford,United Kingdom,22.2–28.2,19.3,16.4,33.0,36.9,81.2,10,626963,273565
801,University of Brasília,Brazil,22.2–28.2,25.8,14.4,36.8,34.5,30.9,2,15024,15024
801,Carlos III University of Madrid,Spain,22.2–28.2,24.4,16.3,34.9,38.2,60.2,1,233521,233521
801,Chiba University,Japan,22.2–28.2,28.7,19.1,32.8,51.4,25.9,1,15722,15722
801,University of Chile,Chile,22.2–28.2,23.2,17.1,33.9,34.5,51.2,52,152521,119244
801,Chonnam National University,South Korea,22.2–28.2,21.3,20.2,29.6,38.9,27.5,1,190610,190610
801,Chulalongkorn University,Thailand,22.2–28.2,31.5,21.7,22.2,64.8,37.8,12,340407,370650
801,University of Córdoba,Spain,22.2–28.2,21.2,16.6,36.4,37.1,41.9,1,29440,29440
801,Czech Technical University in Prague,Czech Republic,22.2–28.2,20.8,17.4,23.4,44.6,53.7,1,611941,611941
801,University of Deusto,Spain,22.2–28.2,21.5,17.6,39.6,38.1,45.7,1,23932,23932
801,University of East London,United Kingdom,22.2–28.2,20.4,14.5,32.8,34.4,78.6,3,1086142,1073749
801,Federal University of Rio de Janeiro,Brazil,22.2–28.2,34.4,22.0,26.1,35.5,28.7,3,165343,25151
801,Federico Santa María Technical University,Chile,22.2–28.2,13.6,9.8,40.2,44.9,54.5,1,42970,42970
801,Ferdowsi University of Mashhad,Iran,22.2–28.2,25.9,18.5,23.1,41.8,21.2,2,411631,411631
801,Florida Atlantic University,United States,22.2–28.2,21.0,19.1,37.5,37.9,44.6,1,153344,153344
801,Fu Jen Catholic University,Taiwan,22.2–28.2,18.7,19.9,31.3,53.5,30.4,6,183451,171113
801,University of Ghana,Ghana,22.2–28.2,15.6,15.5,28.1,48.0,49.5,40,759454,758661
801,Inha University,South Korea,22.2–28.2,23.8,20.7,23.8,64.0,32.1,1,155519,155519
801,University of Isfahan,Iran,22.2–28.2,30.9,22.6,13.4,45.5,17.5,2,333605,333605
801,Istanbul University,Turkey,22.2–28.2,25.8,24.4,23.6,49.8,27.1,16,563363,98301
801,Jadavpur University,India,22.2–28.2,33.8,22.3,28.5,40.8,15.4,1,194001,194001
801,Jilin University,China,22.2–28.2,27.3,16.2,27.4,43.3,20.4,4,91458,77709
801,Jinan University,China,22.2–28.2,21.6,14.9,38.5,40.4,54.6,1,573409,573409
801,University of Jordan,Jordan,22.2–28.2,25.1,10.2,29.1,39.3,67.2,14,598755,335388
801,Kaohsiung Medical University,Taiwan,22.2–28.2,22.5,23.3,25.9,54.8,26.0,1,315352,315352
801,Kingston University,United Kingdom,22.2–28.2,17.6,15.6,33.3,34.7,84.2,4,926591,997195
801,Kuwait University,Kuwait,22.2–28.2,19.1,9.9,31.7,37.4,69.9,15,900124,894118
801,Kyungpook National University,South Korea,22.2–28.2,24.5,28.0,25.0,43.4,29.3,2,188547,188547
801,University of Lagos,Nigeria,22.2–28.2,15.5,9.0,58.7,34.5,27.4,10,474782,491628
801,University of Latvia,Latvia,22.2–28.2,17.0,19.3,24.4,41.6,48.9,56,573934,374293
801,Leeds Beckett University,United Kingdom,22.2–28.2,16.6,13.9,39.5,35.0,49.8,1,274884,274884
801,University of Maribor,Slovenia,22.2–28.2,17.0,15.8,31.0,40.0,37.9,4,199096,166204
801,Marquette University,United States,22.2–28.2,36.0,14.4,34.3,36.3,24.6,2,1101890,1101890
801,Mississippi State University,United States,22.2–28.2,21.8,15.8,43.6,40.3,25.9,1,95823,95823
801,University of Murcia,Spain,22.2–28.2,22.3,13.8,32.6,35.9,38.5,1,2141,2141
801,University of Nairobi,Kenya,22.2–28.2,14.6,10.2,48.3,34.8,47.0,30,740862,656935
801,National Chengchi University,Taiwan,22.2–28.2,23.4,29.3,13.2,42.0,46.4,23,344207,294698
801,National Taipei University of Technology,Taiwan,22.2–28.2,21.8,20.2,22.4,86.7,28.8,1,589717,589717
801,The New School,United States,22.2–28.2,23.9,15.2,30.2,38.4,50.3,13,365986,121468
801,Northeast Normal University,China,22.2–28.2,24.3,10.3,48.6,37.1,18.3,1,208565,208565
801,Northwest University,China,22.2–28.2,19.3,12.7,37.5,40.6,21.5,2,63184,63184
801,Osmania University,India,22.2–28.2,36.0,10.2,31.5,39.6,15.4,1,164136,164136
801,University of Pécs,Hungary,22.2–28.2,19.6,16.1,40.9,37.5,55.9,1,37832,37832
801,Polytechnic University of Valencia,Spain,22.2–28.2,22.1,11.8,41.3,44.8,50.0,2,422116,422116
801,Pontifical Catholic University of Peru,Peru,22.2–28.2,19.9,8.6,33.8,35.9,47.4,21,202763,208882
801,University of Puerto Rico,Puerto Rico,22.2–28.2,18.1,8.5,43.7,34.9,43.7,3,946776,893571
801,University of the Punjab,Pakistan,22.2–28.2,19.5,10.4,34.1,35.2,32.5,32,434345,396120
801,Rikkyo University,Japan,22.2–28.2,16.6,8.9,47.5,34.8,42.7,5,41002,35392
801,Rochester Institute of Technology,United States,22.2–28.2,20.0,18.1,39.0,35.9,41.6,2,135348,135348
801,University of Salford,United Kingdom,22.2–28.2,18.7,14.8,38.7,34.8,70.1,3,637068,437785
801,University of Seoul,South Korea,22.2–28.2,22.6,18.2,24.7,40.9,29.2,1,27137,27137
801,University of Seville,Spain,22.2–28.2,25.4,18.7,36.5,36.6,38.2,2,8284,8284
801,Shahid Beheshti University,Iran,22.2–28.2,22.1,19.0,38.0,66.9,19.6,5,341900,138418
801,Shanghai University,China,22.2–28.2,21.2,24.8,29.6,60.0,31.0,2,149571,149571
801,Shiraz University,Iran,22.2–28.2,24.8,25.0,27.2,57.0,18.1,1,180797,180797
801,Sogang University,South Korea,22.2–28.2,24.4,28.2,23.6,47.7,34.9,6,158086,176139
801,Staffordshire University,United Kingdom,22.2–28.2,16.8,9.8,42.8,34.6,52.2,2,223832,223832
801,University of Szeged,Hungary,22.2–28.2,21.8,12.4,36.6,36.5,54.4,2,58942,58942
801,Tallinn University,Estonia,22.2–28.2,16.9,20.1,29.5,38.2,63.0,15,425591,347756
801,Tallinn University of Technology,Estonia,22.2–28.2,17.6,13.2,27.8,47.3,60.2,10,497407,303998
801,Technical University of Madrid,Spain,22.2–28.2,22.6,14.9,37.7,42.4,49.1,4,318906,21291
801,University of Texas at El Paso,United States,22.2–28.2,21.0,22.9,36.3,34.4,40.7,5,422004,268872
801,Tokyo University of Agriculture and Technology,Japan,22.2–28.2,23.9,23.2,18.0,45.9,25.7,1,275826,275826
801,"Vietnam National University, Hanoi",Vietnam,22.2–28.2,21.9,9.1,38.8,36.5,47.4,1,93395,93395
801,Vilnius University,Lithuania,22.2–28.2,19.9,14.3,37.1,46.6,55.6,33,268483,241484
801,University of Wolverhampton,United Kingdom,22.2–28.2,15.8,13.3,35.0,34.5,65.3,2,428826,428826
801,Xidian University,China,22.2–28.2,21.0,17.2,32.9,75.2,19.4,1,196121,196121
801,Yeungnam University,South Korea,22.2–28.2,18.4,12.8,45.5,40.0,36.4,1,177832,177832
801,University of Zaragoza,Spain,22.2–28.2,22.0,13.4,43.8,38.6,39.4,2,1048609,1048609
1001,Al-Azhar University,Egypt,10.7–22.1,15.2,8.3,16.5,34.5,46.7,31,331579,188319
1001,Alexandria University,Egypt,10.7–22.1,18.9,13.1,24.1,39.6,44.5,14,330154,196366
1001,Alexandru Ioan Cuza University,Romania,10.7–22.1,16.7,11.1,9.7,34.5,31.9,1,564499,564499
1001,Al-Farabi Kazakh National University,Kazakhstan,10.7–22.1,24.3,9.6,20.7,42.8,61.2,27,1163875,872058
1001,Andhra University,India,10.7–22.1,37.4,10.8,8.0,42.5,15.5,1,33459,33459
1001,Ankara University,Turkey,10.7–22.1,19.2,10.0,13.9,35.1,22.5,12,89315,92629
1001,Annamalai University,India,10.7–22.1,29.2,8.6,18.7,35.3,16.8,1,151969,151969
1001,University of Antioquia,Colombia,10.7–22.1,16.7,17.0,17.2,40.6,37.7,4,47454,25012
1001,Aoyama Gakuin University,Japan,10.7–22.1,16.3,7.9,20.9,34.8,29.0,1,86154,86154
1001,Belarusian State University,Belarus,10.7–22.1,21.3,9.7,13.3,42.4,58.1,35,1043987,823718
1001,Bogor Agricultural University,Indonesia,10.7–22.1,19.0,10.6,8.9,70.7,42.3,2,149913,149913
1001,Brno University of Technology,Czech Republic,10.7–22.1,18.6,15.6,21.7,41.2,52.2,1,45618,45618
1001,University of Bucharest,Romania,10.7–22.1,18.2,10.6,15.1,36.2,27.4,24,90185,88697
1001,Budapest University of Technology and Economics,Hungary,10.7–22.1,17.4,15.8,25.3,44.0,34.7,4,86414,104316
1001,Catholic University of the North,Chile,10.7–22.1,14.8,14.2,18.9,35.6,52.9,1,178726,178726
1001,Chiang Mai University,Thailand,10.7–22.1,20.8,14.2,18.0,48.6,32.8,4,386149,369958
1001,Chungnam National University,South Korea,10.7–22.1,22.7,21.1,12.1,46.6,23.0,1,284024,284024
1001,Chung Yuan Christian University,Taiwan,10.7–22.1,16.8,24.6,14.8,47.2,35.2,1,560300,560300
1001,Chuo University,Japan,10.7–22.1,27.2,10.3,23.0,36.8,23.0,2,49648,49648
1001,University of Colombo,Sri Lanka,10.7–22.1,13.5,8.0,13.9,34.8,38.2,8,572379,578290
1001,Comenius University in Bratislava,Slovakia,10.7–22.1,22.2,13.1,22.3,34.6,52.0,33,668170,278857
1001,University of Concepción,Chile,10.7–22.1,15.4,11.6,19.7,56.6,48.7,2,120885,120885
1001,Corvinus University of Budapest,Hungary,10.7–22.1,17.8,13.7,23.6,34.4,44.7,5,50429,48988
1001,University of Dar es Salaam,Tanzania,10.7–22.1,14.0,7.3,20.4,34.4,46.3,52,757014,655274
1001,De La Salle University,Philippines,10.7–22.1,17.1,12.9,26.4,34.4,30.7,13,382107,320062
1001,Democritus University of Thrace,Greece,10.7–22.1,14.9,11.6,32.0,35.8,31.4,1,1359110,1359110
1001,University of Dhaka,Bangladesh,10.7–22.1,16.0,8.8,16.4,36.6,40.8,78,601364,531809
1001,"University of Economics, Prague",Czech Republic,10.7–22.1,18.9,13.3,5.5,35.1,43.5,10,216040,103982
1001,Ege University,Turkey,10.7–22.1,17.2,10.2,13.5,37.9,22.1,1,1806502,1806502
1001,Gazi University,Turkey,10.7–22.1,18.8,10.6,13.2,40.5,16.6,3,89628,89247
1001,University of Gdańsk,Poland,10.7–22.1,15.7,10.6,19.7,34.7,29.9,3,42505,54706
1001,University of Havana,Cuba,10.7–22.1,21.6,9.0,9.5,40.2,52.5,17,454872,123448
1001,Helwan University,Egypt,10.7–22.1,14.7,8.6,20.0,35.1,40.2,5,764172,1092340
1001,Hosei University,Japan,10.7–22.1,16.8,9.7,25.9,35.2,25.8,1,91230,91230
1001,Kanagawa University,Japan,10.7–22.1,14.6,7.5,12.3,34.8,27.7,1,9163,9163
1001,Kansai University,Japan,10.7–22.1,24.3,8.0,6.9,35.4,24.6,1,36346,36346
1001,Kasetsart University,Thailand,10.7–22.1,18.6,12.8,10.3,59.8,37.1,1,85070,85070
1001,Kaunas University of Technology,Lithuania,10.7–22.1,16.5,11.4,5.6,38.9,30.4,6,311899,308240
1001,Kwansei Gakuin University,Japan,10.7–22.1,15.4,9.0,13.4,35.3,32.3,1,28965,28965
1001,Latvia University of Life Sciences and Technologies,Latvia,10.7–22.1,17.4,17.6,5.2,36.9,16.6,6,418397,352823
1001,University of León,Spain,10.7–22.1,17.9,11.2,25.4,36.7,43.4,1,3773,3773
1001,University of Łódź,Poland,10.7–22.1,17.1,10.3,13.4,34.7,24.4,4,35570,43409
1001,Lodz University of Technology,Poland,10.7–22.1,16.3,11.1,18.0,37.8,23.0,1,59217,59217
1001,Maharaja Sayajirao University of Baroda,India,10.7–22.1,14.1,9.3,17.2,34.9,14.4,4,251283,156472
1001,Marmara University,Turkey,10.7–22.1,21.3,8.9,19.4,34.6,22.9,5,68486,76507
1001,Meiji University,Japan,10.7–22.1,17.7,8.6,11.3,35.6,25.9,11,117153,52249
1001,University of Montenegro,Montenegro,10.7–22.1,12.6,9.7,15.2,34.8,43.8,9,984268,1072851
1001,Moscow Aviation Institute,Russian Federation,10.7–22.1,24.1,11.7,3.0,64.6,23.5,6,275006,151759
1001,Moscow Power Engineering Institute,Russian Federation,10.7–22.1,18.7,10.7,5.8,56.5,27.4,2,123234,123234
1001,University of Mumbai,India,10.7–22.1,31.1,10.2,17.2,35.0,17.6,10,55174,46879
1001,University of Mysore,India,10.7–22.1,31.3,8.2,8.4,34.8,30.6,3,412660,66119
1001,National Chung Hsing University,Taiwan,10.7–22.1,20.8,16.5,19.0,47.1,24.2,2,462457,462457
1001,National University of Colombia,Colombia,10.7–22.1,19.0,14.5,26.1,35.4,35.7,12,185775,136174
1001,National University of Córdoba,Argentina,10.7–22.1,20.6,9.2,21.2,35.1,34.3,1,29440,29440
1001,National University of Cuyo,Argentina,10.7–22.1,18.0,7.1,25.7,34.4,37.2,2,133060,133060
1001,National Taipei University,Taiwan,10.7–22.1,19.5,14.9,25.3,35.8,25.1,3,461328,446408
1001,National Taiwan Ocean University,Taiwan,10.7–22.1,18.5,21.5,17.1,52.8,29.9,2,375439,375439
1001,Oita University,Japan,10.7–22.1,19.4,9.2,20.4,37.5,17.9,1,476580,476580
1001,Osaka Prefecture University,Japan,10.7–22.1,22.4,13.5,20.2,41.5,22.4,1,26718,26718
1001,University of Pardubice,Czech Republic,10.7–22.1,17.8,15.4,10.3,35.5,28.2,1,188602,188602
1001,Paris Nanterre University,France,10.7–22.1,23.8,16.8,13.9,34.7,50.9,19,364557,191621
1001,University of Peshawar,Pakistan,10.7–22.1,25.2,10.7,15.0,34.4,34.2,5,294294,344588
1001,Riga Technical University,Latvia,10.7–22.1,19.5,17.5,20.1,55.5,43.0,11,600376,233476
1001,Saitama University,Japan,10.7–22.1,19.1,13.0,22.8,36.4,31.7,2,61298,61298
1001,Sepuluh Nopember Institute of Technology,Indonesia,10.7–22.1,19.6,11.1,23.4,62.6,34.7,1,8927,8927
1001,University of Sfax,Tunisia,10.7–22.1,28.9,10.4,17.3,34.4,39.7,1,276726,276726
1001,Shinshu University,Japan,10.7–22.1,21.5,14.4,27.9,40.8,24.5,1,52249,52249
1001,Silesian University of Technology,Poland,10.7–22.1,16.4,9.3,31.7,36.9,16.0,1,17175,17175
1001,Silpakorn University,Thailand,10.7–22.1,15.5,8.3,13.6,39.9,27.5,3,243522,339721
1001,Slovak University of Technology in Bratislava,Slovakia,10.7–22.1,22.5,12.4,9.8,37.1,27.8,3,1035786,450169
1001,Sofia University,Bulgaria,10.7–22.1,20.7,9.6,14.2,35.3,43.7,20,130678,97517
1001,Sophia University,Japan,10.7–22.1,21.6,11.6,14.3,36.0,40.3,3,231596,223341
1001,University of South Africa,South Africa,10.7–22.1,22.1,19.1,15.0,35.2,43.7,13,561656,103299
1001,Srinakharinwirot University,Thailand,10.7–22.1,19.9,8.4,12.6,40.6,20.9,1,34450,34450
1001,Szent István University,Hungary,10.7–22.1,16.5,10.5,17.8,35.4,40.1,1,101854,101854
1001,Tamkang University,Taiwan,10.7–22.1,16.4,13.0,12.8,35.9,30.2,5,504063,349897
1001,Taras Shevchenko National University of Kyiv,Ukraine,10.7–22.1,23.5,9.8,8.3,35.0,31.5,18,694942,394964
1001,Technical University of Košice,Slovakia,10.7–22.1,20.8,12.5,10.2,44.0,27.6,2,185478,185478
1001,Thammasat University,Thailand,10.7–22.1,18.6,11.7,11.7,38.9,34.4,11,351081,396372
1001,Tokai University,Japan,10.7–22.1,18.9,9.7,20.8,36.8,23.4,2,171242,171242
1001,Tokyo University of Agriculture,Japan,10.7–22.1,16.0,9.8,10.5,36.4,19.1,1,275826,275826
1001,Tribhuvan University,Nepal,10.7–22.1,11.4,6.9,30.8,34.4,45.8,15,653637,568439
1001,Tunghai University,Taiwan,10.7–22.1,15.0,12.6,10.6,37.7,34.6,8,403204,382739
1001,Vilnius Gediminas Technical University,Lithuania,10.7–22.1,16.2,12.4,31.7,40.7,39.6,5,162070,132779
1001,Voronezh State University,Russian Federation,10.7–22.1,21.1,8.7,4.2,35.3,25.9,4,666460,554077
1001,Warsaw University of Technology,Poland,10.7–22.1,19.2,11.8,30.7,39.8,25.1,1,54426,54426
1001,University of West Bohemia,Czech Republic,10.7–22.1,18.1,15.7,16.7,39.1,29.8,1,128857,128857
1001,Yarmouk University,Jordan,10.7–22.1,19.4,8.3,7.1,35.6,48.7,1,1414389,1414389
1001,Yıldız Technical University,Turkey,10.7–22.1,15.4,12.9,23.0,45.6,21.1,1,28289,28289
1001,University of Zagreb,Croatia,10.7–22.1,17.8,12.9,25.3,37.4,33.0,55,348450,222049
